linear-algebra/solvers/ludcmp/ludcmp.c,linear-algebra/solvers/ludcmp/ludcmp-blocking-openmp-fma-mpi.c,linear-algebra/solvers/ludcmp/ludcmp-blocking-openmp-fma.c,linear-algebra/solvers/ludcmp/ludcmp-blocking-openmp.c,linear-algebra/solvers/ludcmp/ludcmp-blocking.c,linear-algebra/solvers/ludcmp/ludcmp-inplace.c,dataset_sizes
277224.6666666667,1723605.3333333333,493181.3333333333,597528.0,598034.0,382618.0,64
2247644.0,4769818.0,1445770.6666666667,2379396.0,2920665.3333333335,1914012.0,128
19686463.333333332,19983040.666666668,4743747.333333333,11682057.333333334,20475189.333333332,13948826.0,256
228640666.0,133232729.33333333,24698613.333333332,66384434.0,121119932.0,98807726.66666667,512
2566914696.6666665,1083845026.6666667,142064111.33333334,470919512.6666667,868799704.0,777125252.6666666,1024
28686432710.0,8406685650.666667,1393209720.0,3482115878.0,6488096943.333333,6333244290.0,2048
373771897329.3333,65508680546.666664,11805159084.666666,31361678114.0,58242075678.666664,57866065532.666664,4096
